[
     {
        "type": "la partie écossaise",
        "nom": "La variante classique",
        "etapes": [
            "1. e4 e5, 2. Cf3 Cc6, 3. d4 exd4, 4. Cxd4 Fc5 (variante classique), 5. Fe3",
            "5... Df6, 6. c3",
            "6... Cxd4, 7. cxd4 Fb4+, 8. Cc3",
            "6... Cge7, 7. g3, 7... d5, 8. Fg2 dxe4, 9. 0-0",
            "9... 0-0, 10. Cd2 Fb6, 11. Cxe4 Dg6",
            "9... Dg6, 10. Cb5 Fd6, 11. Cd2 f5, 12. f3",
            "7... 0-0, 8. Fg2 d6, 9. 0-0 Ce5, 10. h3 Cc4, 11. Fc1",
            "5... d6, 6. Cxc6 bxc6, 7. Fxc5 dxc5, 8. Dxd8+ Rxd8",
            "5... Cxd4, 6. Fxd4 Fxd4, 7. Dxd4",
            "5... Cf6, 6. Cxc6 bxc6, 7. Fxc5"
        ]
    },
    {
        "type": "la partie écossaise",
        "nom": "La variante Steinitz",
        "etapes": [
            "1. e4 e5, 2. Cf3 Cc6, 3. d4 exd4, 4. Cxd4 Cf6, 5. Cxc6",
            "5... bxc6, 6. e5 De7, 7. De2 Cd5, 8. c4",
            "5... dxc6, 6. Dxd8+ Rxd8, 7. Fg5 Fe7, 8. Cc3",
            "5... d5, 6. e5 Cd7, 7. Dxd5",
            "5... dxc3, 6. Cxc3 Fb4, 7. Fd3"
        ]
    },
    {
        "type": "la partie écossaise",
        "nom": "La variante Schmidt",
        "etapes": [
            "1. e4 e5, 2. Cf3 Cc6, 3. d4 exd4, 4. Cxd4 Df6 (variante Schmidt)",
            "5. Fe3, 5... Fb4+, 6. c3 Fa5, 7. Cd2 Cge7, 8. Cxc6 Cxc6",
            "5. Cb5, 5... Fb4+, 6. Cd2 Dd8, 7. a3 Fa5, 8. b4 Fb6",
            "5. Cxc6, 5... dxc6, 6. Cd2 Dd6, 7. Cb3 Dxd1+, 8. Rxd1 Cf6"
        ]
    },
    {
        "type": "la partie écossaise",
        "nom": "Lignes secondaires 3...Cxd4 et 3...exd4",
        "etapes": [
            "1. e4 e5, 2. Cf3 Cc6, 3. d4",
            "3... Cxd4, 4. Cxd4 exd4, 5. Dxd4 d6, 6. Cc3 Cf6, 7. Ff4 Fe7, 8. 0-0-0 0-0",
            "3... exd4, 4. Cxd4 Cf6, 5. Cc3 Fb4, 6. Fg5 h6, 7. Fxf6 Dxf6"
        ]
    },
    {
        "type": "la partie écossaise",
        "nom": "Lignes secondaires 3...d6 et 3...f6",
        "etapes": [
            "1. e4 e5, 2. Cf3 Cc6, 3. d4",
            "3... d6, 4. Cc3 Fg4, 5. d5 Cd4, 6. Fe2 Cxe2, 7. Dxe2 Cf6, 8. h3 Fh5",
            "3... f6, 4. Cxe5 fxe5, 5. dxe5 Cxe5, 6. Dh5+ Cg6, 7. Fc4 Cf6"
        ]
    },
    {
        "type": "la partie écossaise",
        "nom": "Lignes secondaires 3...Fd6, 3...Df6 et 3...De7",
        "etapes": [
            "1. e4 e5, 2. Cf3 Cc6, 3. d4",
            "3... Fd6, 4. d5 Cce7, 5. Cc3 Cg6, 6. Fe3 a6, 7. Dd2 b5, 8. 0-0-0",
            "3... Df6, 4. d5 Cd4, 5. Cxd4 exd4, 6. Cd2 Fb4, 7. a3 Fxd2+, 8. Dxd2",
            "3... De7, 4. d5 Cd4, 5. Cxd4 exd4, 6. Dxd4 f5, 7. e5 d6, 8. e6 c6"
        ]
    },
    {
        "type": "la partie écossaise",
        "nom": "les coups rares 3...d5, 3...f5, 3...Cf6 et 3...Fb4+",
        "etapes": [
            "1. e4 e5, 2. Cf3 Cc6, 3. d4",
            "3... d5, 4. Cxe5 Cxe5, 5. dxe5 dxe4, 6. Dxd8+ Rxd8, 7. Cc3 Ff5, 8. Ff4",
            "3... f5, 4. Cxe5 d6, 5. Cxc6 bxc6, 6. exf5 Fxf5, 7. Fd3 Df6, 8. 0-0",
            "3... Cf6, 4. Cxe5 Cxe4, 5. Cxc6 dxc6, 6. Dxd8+ Rxd8, 7. Fd3 Ff5, 8. 0-0",
            "3... Fb4+, 4. c3 Fa5, 5. Fg5 f6, 6. Fe3 Cge7, 7. Fd3 0-0, 8. Cbd2"
        ]
    },

        {
            "type": "La défense philidor",
            "nom": "La variante d'échange",
            "etapes": [
                "1. e4 e5, 2. Cf3 d6, 3. d4 exd4, 4. Dxd4"
            ]
        },

        {
            "type": "La défense philidor",
            "nom": "Ligne secondaire 3...Fg4",
            "etapes": [
                "1. e4 e5, 2. Cf3 d6, 3. d4 Fg4"
            ]
        },
        {
            "type": "La défense philidor",
            "nom": "Lignes secondaires 3...Cc6, 3...Cd7, 3...f6 et 3...Cf6",
            "etapes": [
                "1. e4 e5, 2. Cf3 d6, 3. d4 Cd7",
                "1. e4 e5, 2. Cf3 d6, 3. d4 f6",
                "1. e4 e5, 2. Cf3 d6, 3. d4 Cf6"
            ]
        },
        {
            "type": "La défense philidor",
            "nom": "Le contre-gambit Philidor",
            "etapes": [
                "1. e4 e5, 2. Cf3 d6, 3. d4 f5"
            ]
        },

        {
            "type": "la défense russe",
            "nom": "La variante des quatre cavaliers",
            "etapes": [
                "1. e4 e5, 2. Cf3 Cf6, 3. Cxe5 d6, 4. Cf3 Cxe4, 5. d4"
            ]
        },
        {
            "type": "la défense russe",
            "nom": "La variante des trois cavaliers",
            "etapes": [
                "1. e4 e5, 2. Cf3 Cf6, 3. Cxe5 d6, 4. Cc4"
            ]
        },

        {
            "type": "les coups rares",
            "nom": "Le gambit de l'éléphant",
            "etapes": [
                "1. e4 e5, 2. Cf3 d5"
            ]
        },
        {
            "type": "les coups rares",
            "nom": "Le gambit letton",
            "etapes": [
                "1. e4 e5, 2. Cf3 f5"
            ]
        },
        {
            "type": "les coups rares",
            "nom": "Le gambit Busch-Gass",
            "etapes": [
                "1. e4 e5, 2. Cf3 Cf6, 3. Cxe5 d6, 4. Cf3 Cxe4, 5. De2"
            ]
        },
        {
            "type": "les coups rares",
            "nom": "La défense Greco",
            "etapes": [
                "1. e4 e5, 2. Cf3 Cc6, 3. Fc4 Cd4"
            ]
        }
    
]