[
    {
        "id":"1",
        "image_src": "../image/livre1.jpg",
        "titre": "Principes fondamentaux du jeu d'échecs",
        "prix": "10000 ar",
        "description": "Principes fondamentaux du jeu d'échecs est un livre d'échecs de José Raúl Capablanca paru en 1921. La première partie du livre traite des principes fondamentaux des échecs selon l'auteur. Cette séquence n'est pas linéaire, Capablanca passant inopinément d'un sujet à un autre.",
        "auteur": "José Raúl Capablanca"
    },
    {
        "id":"2",

        "image_src": "../image/livre2.jpeg",
        "titre": "Le Bréviaire des échecs",
        "prix": "10000 ar",
        "description": "Le Bréviaire des échecs est un livre d'initiation sur le jeu d'échecs écrit par Xavier Tartakover, paru en 1934 aux éditions Stock, considéré comme un classique du genre. De toute la production littéraire sur les échecs de Tartakover, c'est cet ouvrage d'initiation qui a obtenu le plus de succès auprès du public.",
        "auteur": "Xavier Tartakover"
    },
    {
        "id":"3",

        "image_src": "../image/livre3.jpeg",
        "titre": "À la découverte des échecs",
        "prix": "9000 ar",
        "description": "Kévin Bordi et Samy Robin vous ouvrent leur univers de passionnés et vous embarquent à la découverte des échecs. Grâce à leur approche singulière du jeu, ils démystifient les codes et guident vos pas sur le chemin de la victoire.",
        "auteur": "Samy Robin, Kevin Bordi"
    },
    {
        "id":"4",

        "image_src": "../image/livre4.jpg",
        "titre": "La stratégie moderne aux échecs, tome 1",
        "prix": "5000 ar",
        "description": "Stratégie et tactique sont intimement liées aux échecs, la seconde n'étant que le prolongement de la première. La stratégie fixe des objectifs et la tactique constitue le moyen de les atteindre. Le grand pédagogue tchèque Ludek Pachman aborde ici une vaste étude de la stratégie telle qu'elle est pratiquée de nos jours. Ce premier tome est consacré aux bases de la stratégie, à la valeur des pièces et aux échanges.",
        "auteur": "Ludek Pachmann"
    },
    {
        "id":"5",

        "image_src": "../image/livre5.jpeg",
        "titre": "Quel est votre profil psychologique aux échecs?",
        "prix": "9000 ar",
        "description": "Si vous étiez joueur d'échecs, quel serait votre profil psychologique ? Et celui de votre interlocuteur ? D'ailleurs, qu'est-ce qu'un adversaire ? Comment une championne prépare-t-elle une compétition à fort enjeu, ou n'importe quel moment important de la vie ?",
        "auteur": "Marie Sebag"
    },
    {
        "id":"6",

        "image_src": "../image/livre6.jpg",
        "titre": "Techniques contemporaines du jeu d'échecs",
        "prix": "8000 ar",
        "description": "Vous trouverez dans ce livre toutes les techniques contemporaines du jeu d'échecs. Tactique, combinaisons, finales, ouvertures, stratégie, conseils sur la pratique du jeu à différentes cadences, sur Internet ou devant l'échiquier, rôle des ordinateurs, problèmes, glossaire : rien ne manque.",
        "auteur": "Graham Burgess"
    },
    {
        "id":"7",
        
        "image_src": "../image/livre7.jpg",
        "titre": "Les Echecs pour les Nuls",
        "prix": "6000 ar",
        "description": "Le jeu d'échecs est un jeu de stratégie amusant, mais assez complexe ! Mêlant tactique et adresse mentale, il demande une véritable initiation. Avec \"Les Echecs pour les Nuls\", vous allez comprendre les règles du jeu, vous familiariser avec l'échiquier, puis analyser les positions et les stratégies.",
        "auteur": "James Eade"
    },
    {
        "id":"8",

        "image_src": "../image/livre8.jpg",
        "titre": "Voyage à travers les échecs",
        "prix": "7000 ar",
        "description": "Dans cet ouvrage, Kévin Bordi et Samy Robin vous entraînent dans un voyage à travers le temps au cœur des échecs, vous délivrant au passage les clés stratégiques pour faire évoluer votre jeu.",
        "auteur": "Samy Robin, Kevin Bordi"
    }
]
