[
    {
        "id":1,
        "imageSource":"../images/bd1.jpg",
        "titre":"profs2",
        "auteur":"Erroc",
        "genre":"BD",
        "publication":"1998",
        "editeur":"Gallimard",
        "nbrPage":130,
        "disponibilite":false,
        "etat":"endomagé",
        "emplacement":"reserve",
        "resume" :"Lorem ipsum dolor sit amet consectetur adipisicing elit. Soluta ducimus consectetur suscipit, voluptas doloribus sequi, sed dolore provident dolores repudiandae eligendi omnis delectus facere dolorum, quis quisquam pariatur consequatur recusandae!"
    },

    {
        "id":2,
        "imageSource":"../images/bd1.jpg",
        "titre":"profs",
        "auteur":"Erroc",
        "genre":"BD",
        "publication":"1998",
        "editeur":"Gallimard",
        "nbrPage":130,
        "disponibilite":false,
        "etat":"endomagé",
        "emplacement":"reserve",
        "categorie":"",
        "resume" :"Lorem ipsum dolor sit amet consectetur adipisicing elit. Soluta ducimus consectetur suscipit, voluptas doloribus sequi, sed dolore provident dolores repudiandae eligendi omnis delectus facere dolorum, quis quisquam pariatur consequatur recusandae!"
    },

    {
        "id":3,
        "imageSource":"../images/bd1.jpg",
        "titre":"profs",
        "auteur":"Erroc",
        "genre":"BD",
        "publication":"1998",
        "editeur":"Gallimard",
        "nbrPage":130,
        "disponibilite":false,
        "etat":"endomagé",
        "emplacement":"reserve",
        "categorie":"",

        "resume" :"Lorem ipsum dolor sit amet consectetur adipisicing elit. Soluta ducimus consectetur suscipit, voluptas doloribus sequi, sed dolore provident dolores repudiandae eligendi omnis delectus facere dolorum, quis quisquam pariatur consequatur recusandae!"
    },

    {
        "id":4,
        "imageSource":"../images/bd1.jpg",
        "titre":"profs",
        "auteur":"Erroc",
        "genre":"BD",
        "publication":"1998",
        "editeur":"Gallimard",
        "nbrPage":130,
        "disponibilite":false,
        "etat":"endomagé",
        "emplacement":"reserve",
        "categorie":"",

        "resume" :"Lorem ipsum dolor sit amet consectetur adipisicing elit. Soluta ducimus consectetur suscipit, voluptas doloribus sequi, sed dolore provident dolores repudiandae eligendi omnis delectus facere dolorum, quis quisquam pariatur consequatur recusandae!"
    },

    {
        "id":5,
        "imageSource":"../images/bd1.jpg",
        "titre":"profs",
        "auteur":"Erroc",
        "genre":"BD",
        "publication":"1998",
        "editeur":"Gallimard",
        "nbrPage":130,
        "disponibilite":false,
        "etat":"endomagé",
        "emplacement":"reserve",
        "categorie":"",

        "resume" :"Lorem ipsum dolor sit amet consectetur adipisicing elit. Soluta ducimus consectetur suscipit, voluptas doloribus sequi, sed dolore provident dolores repudiandae eligendi omnis delectus facere dolorum, quis quisquam pariatur consequatur recusandae!"
    }
]